<?xml version="1.0" encoding="UTF-8"?>
<beans xmlns="http://www.springframework.org/schema/beans"
	xmlns:xsi="http://www.w3.org/2001/XMLSchema-instance"
	xmlns:p="http://www.springframework.org/schema/p"
	xsi:schemaLocation="
        http://www.springframework.org/schema/beans http://www.springframework.org/schema/beans/spring-beans.xsd">
	<!-- <bean id="employee" class="ust.MavenProject.demo.Employee"> </bean> 
		<bean id="bp" class="ust.MavenProject.demo.BussinessPerson"> </bean> -->
		
	<bean id="em" class="ust.MavenProject.demo.EmpModel">
	<constructor-arg value="239187" type="String"></constructor-arg>
		<constructor-arg  value="Arun" type="String"></constructor-arg>
		<constructor-arg value="che" type="String"></constructor-arg>
	</bean>

</beans>
